model,finding,prevalence,n_pos,recall_img,recall_noinfo,image_gain,ba_img,ba_noinfo,ba_gain,n_src_only,n_tgt_only,source_following,tier
Lingshu,Atelectasis,0.28,28,0.14285714285714285,0.0,0.14285714285714285,0.5158730158730158,0.5,0.015873015873015817,24,21,-0.05952380952380952,common (>=25%)
Lingshu,Cardiomegaly,0.33,33,0.45454545454545453,1.0,-0.5454545454545454,0.5705563093622795,0.5,0.07055630936227952,35,22,0.15584415584415584,common (>=25%)
Lingshu,Consolidation,0.04,4,0.0,0.0,0.0,0.5,0.5,0.0,10,4,0.0,rare (<10%)
Lingshu,Edema,0.15,15,0.4666666666666667,1.0,-0.5333333333333333,0.6509803921568628,0.5,0.15098039215686276,17,11,0.35294117647058826,moderate (10-25%)
Lingshu,Enlarged Cardiomediastinum,0.22,22,0.22727272727272727,0.0,0.22727272727272727,0.511072261072261,0.5,0.011072261072261003,18,16,-0.375,moderate (10-25%)
Lingshu,Fracture,0.07,7,0.0,0.0,0.0,0.5,0.5,0.0,5,7,0.0,rare (<10%)
Lingshu,Lung Lesion,0.11,11,0.0,0.0,0.0,0.4943820224719101,0.5,-0.005617977528089901,6,11,0.0,moderate (10-25%)
Lingshu,Lung Opacity,0.23,23,0.17391304347826086,0.0,0.17391304347826086,0.5609824957651044,0.5,0.060982495765104394,23,16,0.02989130434782608,moderate (10-25%)
Lingshu,Pleural Effusion,0.33,33,0.18181818181818182,0.0,0.18181818181818182,0.5759837177747625,0.5,0.07598371777476254,28,25,0.10714285714285714,common (>=25%)
Lingshu,Pleural Other,0.04,4,0.0,0.0,0.0,0.5,0.5,0.0,3,4,0.0,rare (<10%)
Lingshu,Pneumonia,0.11,11,0.09090909090909091,0.0,0.09090909090909091,0.5342185903983656,0.5,0.03421859039836561,7,10,-0.1,moderate (10-25%)
Lingshu,Pneumothorax,0.05,5,0.0,0.0,0.0,0.49473684210526314,0.5,-0.0052631578947368585,0,5,,rare (<10%)
Lingshu,Support Devices,0.39,39,0.48717948717948717,0.0,0.48717948717948717,0.6862126944094157,0.5,0.18621269440941568,49,21,0.29931972789115646,common (>=25%)
MAIRA-2,Atelectasis,0.28,28,0.6071428571428571,0.0,0.6071428571428571,0.6785714285714286,0.5,0.1785714285714286,24,21,0.38095238095238093,common (>=25%)
MAIRA-2,Cardiomegaly,0.33,33,0.7878787878787878,0.0,0.7878787878787878,0.7446856625961104,0.5,0.24468566259611035,35,22,0.16233766233766228,common (>=25%)
MAIRA-2,Consolidation,0.04,4,0.0,0.0,0.0,0.4739583333333333,0.5,-0.026041666666666685,10,4,-0.55,rare (<10%)
MAIRA-2,Edema,0.15,15,0.4666666666666667,0.0,0.4666666666666667,0.6980392156862745,0.5,0.19803921568627447,17,11,0.5240641711229947,moderate (10-25%)
MAIRA-2,Enlarged Cardiomediastinum,0.22,22,0.0,0.0,0.0,0.4807692307692308,0.5,-0.019230769230769218,18,16,0.048611111111111105,moderate (10-25%)
MAIRA-2,Fracture,0.07,7,0.0,0.0,0.0,0.4946236559139785,0.5,-0.005376344086021501,5,7,0.2,rare (<10%)
MAIRA-2,Lung Lesion,0.11,11,0.09090909090909091,0.0,0.09090909090909091,0.5454545454545454,0.5,0.045454545454545414,6,11,0.0,moderate (10-25%)
MAIRA-2,Lung Opacity,0.23,23,0.5652173913043478,0.0,0.5652173913043478,0.691699604743083,0.5,0.191699604743083,23,16,0.30978260869565216,moderate (10-25%)
MAIRA-2,Pleural Effusion,0.33,33,0.5757575757575758,0.0,0.5757575757575758,0.6834011759384894,0.5,0.18340117593848937,28,25,0.43,common (>=25%)
MAIRA-2,Pleural Other,0.04,4,0.0,0.0,0.0,0.4947916666666667,0.5,-0.005208333333333315,3,4,0.3333333333333333,rare (<10%)
MAIRA-2,Pneumonia,0.11,11,0.45454545454545453,0.0,0.45454545454545453,0.6373850868232891,0.5,0.1373850868232891,7,10,0.1857142857142857,moderate (10-25%)
MAIRA-2,Pneumothorax,0.05,5,0.0,0.0,0.0,0.48947368421052634,0.5,-0.010526315789473661,0,5,,rare (<10%)
MAIRA-2,Support Devices,0.39,39,0.6666666666666666,0.0,0.6666666666666666,0.7267759562841529,0.5,0.22677595628415292,49,21,0.6734693877551021,common (>=25%)
MedGemma-27B,Atelectasis,0.28,28,0.39285714285714285,1.0,-0.6071428571428572,0.5783730158730158,0.5,0.07837301587301582,24,21,0.029761904761904767,common (>=25%)
MedGemma-27B,Cardiomegaly,0.33,33,0.8787878787878788,1.0,-0.12121212121212122,0.7005879692446857,0.5,0.2005879692446857,35,22,0.487012987012987,common (>=25%)
MedGemma-27B,Consolidation,0.04,4,0.75,1.0,-0.25,0.75,0.5,0.25,10,4,0.15000000000000002,rare (<10%)
MedGemma-27B,Edema,0.15,15,0.6,0.0,0.6,0.6705882352941177,0.5,0.1705882352941177,17,11,0.021390374331550832,moderate (10-25%)
MedGemma-27B,Enlarged Cardiomediastinum,0.22,22,0.36363636363636365,0.0,0.36363636363636365,0.5023310023310024,0.5,0.002331002331002363,18,16,0.22916666666666663,moderate (10-25%)
MedGemma-27B,Fracture,0.07,7,0.2857142857142857,0.0,0.2857142857142857,0.6267281105990783,0.5,0.1267281105990783,5,7,0.0,rare (<10%)
MedGemma-27B,Lung Lesion,0.11,11,0.09090909090909091,0.0,0.09090909090909091,0.5342185903983656,0.5,0.03421859039836561,6,11,0.40909090909090906,moderate (10-25%)
MedGemma-27B,Lung Opacity,0.23,23,0.8695652173913043,1.0,-0.13043478260869568,0.6101072840203274,0.5,0.11010728402032743,23,16,-0.17934782608695654,moderate (10-25%)
MedGemma-27B,Pleural Effusion,0.33,33,0.7878787878787878,0.0,0.7878787878787878,0.6551334237901402,0.5,0.15513342379014017,28,25,0.3414285714285714,common (>=25%)
MedGemma-27B,Pleural Other,0.04,4,0.25,0.0,0.25,0.625,0.5,0.125,3,4,0.3333333333333333,rare (<10%)
MedGemma-27B,Pneumonia,0.11,11,0.09090909090909091,0.0,0.09090909090909091,0.5286006128702758,0.5,0.02860061287027582,7,10,-0.1,moderate (10-25%)
MedGemma-27B,Pneumothorax,0.05,5,0.4,0.0,0.4,0.6473684210526316,0.5,0.1473684210526316,0,5,,rare (<10%)
MedGemma-27B,Support Devices,0.39,39,0.7692307692307693,0.0,0.7692307692307693,0.712484237074401,0.5,0.212484237074401,49,21,0.5034013605442178,common (>=25%)
Qwen2.5-VL-7B,Atelectasis,0.28,28,0.0,0.0,0.0,0.4722222222222222,0.5,-0.02777777777777779,24,21,0.07738095238095238,common (>=25%)
Qwen2.5-VL-7B,Cardiomegaly,0.33,33,0.12121212121212122,0.0,0.12121212121212122,0.4859791949344188,0.5,-0.014020805065581177,35,22,0.1090909090909091,common (>=25%)
Qwen2.5-VL-7B,Consolidation,0.04,4,0.25,0.0,0.25,0.59375,0.5,0.09375,10,4,-0.25,rare (<10%)
Qwen2.5-VL-7B,Edema,0.15,15,0.06666666666666667,0.0,0.06666666666666667,0.515686274509804,0.5,0.015686274509803977,17,11,-0.09090909090909091,moderate (10-25%)
Qwen2.5-VL-7B,Enlarged Cardiomediastinum,0.22,22,0.0,0.0,0.0,0.5,0.5,0.0,18,16,0.0,moderate (10-25%)
Qwen2.5-VL-7B,Fracture,0.07,7,0.0,0.0,0.0,0.5,0.5,0.0,5,7,0.0,rare (<10%)
Qwen2.5-VL-7B,Lung Lesion,0.11,11,0.0,0.0,0.0,0.48314606741573035,0.5,-0.01685393258426965,6,11,0.0,moderate (10-25%)
Qwen2.5-VL-7B,Lung Opacity,0.23,23,0.21739130434782608,0.0,0.21739130434782608,0.5567476002258611,0.5,0.05674760022586112,23,16,0.02989130434782608,moderate (10-25%)
Qwen2.5-VL-7B,Pleural Effusion,0.33,33,0.12121212121212122,0.0,0.12121212121212122,0.530755314337404,0.5,0.03075531433740397,28,25,0.0,common (>=25%)
Qwen2.5-VL-7B,Pleural Other,0.04,4,0.0,0.0,0.0,0.4947916666666667,0.5,-0.005208333333333315,3,4,0.0,rare (<10%)
Qwen2.5-VL-7B,Pneumonia,0.11,11,0.0,0.0,0.0,0.4943820224719101,0.5,-0.005617977528089901,7,10,0.0,moderate (10-25%)
Qwen2.5-VL-7B,Pneumothorax,0.05,5,0.2,0.0,0.2,0.5789473684210527,0.5,0.07894736842105265,0,5,,rare (<10%)
Qwen2.5-VL-7B,Support Devices,0.39,39,0.20512820512820512,0.0,0.20512820512820512,0.5451870533837747,0.5,0.04518705338377471,49,21,0.17687074829931973,common (>=25%)
CheXagent-2-3b,Atelectasis,0.28,28,0.6071428571428571,0.0,0.6071428571428571,0.6924603174603174,0.5,0.19246031746031744,24,21,0.2619047619047619,common (>=25%)
CheXagent-2-3b,Cardiomegaly,0.33,33,0.7878787878787878,0.0,0.7878787878787878,0.7372229760289462,0.5,0.23722297602894615,35,22,0.412987012987013,common (>=25%)
CheXagent-2-3b,Consolidation,0.04,4,0.0,0.0,0.0,0.4791666666666667,0.5,-0.020833333333333315,10,4,0.4,rare (<10%)
CheXagent-2-3b,Edema,0.15,15,0.6666666666666666,0.0,0.6666666666666666,0.7627450980392156,0.5,0.26274509803921564,17,11,0.31550802139037437,moderate (10-25%)
CheXagent-2-3b,Enlarged Cardiomediastinum,0.22,22,0.09090909090909091,0.0,0.09090909090909091,0.4813519813519814,0.5,-0.018648018648018627,18,16,0.1597222222222222,moderate (10-25%)
CheXagent-2-3b,Fracture,0.07,7,0.14285714285714285,0.0,0.14285714285714285,0.5552995391705069,0.5,0.055299539170506895,5,7,0.2,rare (<10%)
CheXagent-2-3b,Lung Lesion,0.11,11,0.09090909090909091,0.0,0.09090909090909091,0.5229826353421859,0.5,0.02298263534218592,6,11,0.16666666666666666,moderate (10-25%)
CheXagent-2-3b,Lung Opacity,0.23,23,0.34782608695652173,0.0,0.34782608695652173,0.5635234330886505,0.5,0.0635234330886505,23,16,0.2527173913043478,moderate (10-25%)
CheXagent-2-3b,Pleural Effusion,0.33,33,0.6363636363636364,0.0,0.6363636363636364,0.7435549525101763,0.5,0.24355495251017634,28,25,0.39,common (>=25%)
CheXagent-2-3b,Pleural Other,0.04,4,0.25,0.0,0.25,0.6197916666666667,0.5,0.11979166666666674,3,4,0.0,rare (<10%)
CheXagent-2-3b,Pneumonia,0.11,11,0.18181818181818182,0.0,0.18181818181818182,0.5515832482124617,0.5,0.05158324821246174,7,10,0.1857142857142857,moderate (10-25%)
CheXagent-2-3b,Pneumothorax,0.05,5,0.6,0.0,0.6,0.7947368421052632,0.5,0.2947368421052632,0,5,,rare (<10%)
CheXagent-2-3b,Support Devices,0.39,39,0.6153846153846154,0.0,0.6153846153846154,0.7175283732660782,0.5,0.2175283732660782,49,21,0.7551020408163265,common (>=25%)
